model,mean_cv_accuracy,std_cv_accuracy,fold1,fold2,fold3,fold4,fold5
XGBoost,0.9670238095238096,0.0032894647332495364,0.9648809523809524,0.9645833333333333,0.9636904761904762,0.9702380952380952,0.9717261904761905
RandomForest,0.9522023809523809,0.0037580224089677895,0.9488095238095238,0.9494047619047619,0.9508928571428571,0.9526785714285714,0.9592261904761905
LogisticRegression,0.9273214285714285,0.006238367860273306,0.9306547619047619,0.93125,0.9157738095238095,0.9258928571428572,0.9330357142857143
